Timestamp,Addr_4196,Addr_4197,Addr_4198,Addr_4199,Addr_4200,Addr_4201,Addr_4202,Addr_4203,Addr_4204,Addr_4205
2026-03-11T10:25:40.175773,28,0,0,0,0,0,0,0,0,0
2026-03-11T10:25:40.670523,28,0,0,0,0,0,0,0,0,0
2026-03-11T10:25:41.157466,29,0,0,0,0,0,0,0,0,0
2026-03-11T10:25:41.669053,29,0,0,0,0,0,0,0,0,0
2026-03-11T10:25:42.165147,30,0,0,0,0,0,0,0,0,0
2026-03-11T10:25:42.665183,30,0,0,0,0,0,0,0,0,0
2026-03-11T10:25:43.163385,31,0,0,0,0,0,0,0,0,0
2026-03-11T10:25:43.663288,31,0,0,0,0,0,0,0,0,0
2026-03-11T10:25:44.163357,32,0,0,0,0,0,0,0,0,0
2026-03-11T10:25:44.660308,32,0,0,0,0,0,0,0,0,0
2026-03-11T10:25:45.165065,33,0,0,0,0,0,0,0,0,0
